{
  "$schema": "https://schema.management.azure.com/schemas/2019-04-01/deploymentTemplate.json#",
  "contentVersion": "1.0.0.0",
  "parameters": {
    "location": {
      "type": "string",
      "defaultValue": "[resourceGroup().location]",
      "metadata": {
        "description": "Location where resources will be deployed."
      }
    },
    "namePrefix": {
      "type": "string",
      "defaultValue": "refactr-runner1",
      "metadata": {
        "description": "Name prefix used as a base for all resource names."
      }
    },
    "agentId": {
      "type": "string",
      "metadata": {
        "description": "Runner Agent ID. This value can be found in the Refactr application."
      }
    },
    "agentKey": {
      "type": "securestring",
      "metadata": {
        "description": "Runner Agent Key. This value can be found in the Refactr application."
      }
    },
    "vmSize": {
      "type": "string",
      "defaultValue": "Standard_D2",
      "metadata": {
        "description": "The size of the VM."
      }
    },
    "authenticationType": {
      "type": "string",
      "defaultValue": "sshPublicKey",
      "allowedValues": [
        "sshPublicKey",
        "password"
      ],
      "metadata": {
        "description": "Type of authentication to use on the virtual machine. SSH Key is recommended."
      }
    },
    "adminUsername": {
      "type": "string",
      "metadata": {
        "description": "Admin username for the virtual machine."
      }
    },
    "adminPasswordOrKey": {
      "type": "securestring",
      "metadata": {
        "description": "SSH Key or password for the virtual machine, depending on the value of the authenticationType parameter."
      }
    },
    "agentApiBaseUrl": {
      "type": "string",
      "defaultValue": "https://agent-api.refactr.it/v1",
      "metadata": {
        "description": "Refactr Platform Agent API base URL"
      }
    }
  },
  "variables": {
    "vmName": "[concat(parameters('namePrefix'), '-vm')]",
    "virtualNetworkName": "[concat(parameters('namePrefix'), '-net')]",
    "subnetName": "[concat(parameters('namePrefix'), '-subnet')]",
    "networkSecurityGroupName": "[concat(parameters('namePrefix'), '-nsg')]",
    "publicIpAddressName": "[concat(parameters('namePrefix'), '-ip')]",
    "networkInterfaceName": "[concat(parameters('namePrefix'), '-nic')]",
    "subnetRef": "[resourceId('Microsoft.Network/virtualNetworks/subnets', variables('virtualNetworkName'), variables('subnetName'))]",
    "osDiskType": "Standard_LRS",
    "addressPrefix": "172.16.0.0/16",
    "subnetAddressPrefix": "172.16.0.0/24",
    "linuxConfiguration": {
      "disablePasswordAuthentication": true,
      "ssh": {
        "publicKeys": [
          {
            "path": "[concat('/home/', parameters('adminUsername'), '/.ssh/authorized_keys')]",
            "keyData": "[parameters('adminPasswordOrKey')]"
          }
        ]
      }
    }
  },
  "resources": [
    {
      "type": "Microsoft.Network/publicIpAddresses",
      "apiVersion": "2020-07-01",
      "name": "[variables('publicIpAddressName')]",
      "location": "[parameters('location')]",
      "sku": {
        "name": "Basic",
        "tier": "Regional"
      },
      "properties": {
        "publicIpAllocationMethod": "Dynamic",
        "publicIPAddressVersion": "IPv4",
        "idleTimeoutInMinutes": 4
      }
    },
    {
      "type": "Microsoft.Network/virtualNetworks",
      "apiVersion": "2020-05-01",
      "name": "[variables('virtualNetworkName')]",
      "location": "[parameters('location')]",
      "properties": {
        "addressSpace": {
          "addressPrefixes": [
            "[variables('addressPrefix')]"
          ]
        },
        "subnets": [
          {
            "name": "[variables('subnetName')]",
            "properties": {
              "addressPrefix": "[variables('subnetAddressPrefix')]"
            }
          }
        ]
      }
    },
    {
      "type": "Microsoft.Network/networkInterfaces",
      "apiVersion": "2020-07-01",
      "name": "[variables('networkInterfaceName')]",
      "location": "[parameters('location')]",
      "dependsOn": [
        "[resourceId('Microsoft.Network/networkSecurityGroups/', variables('networkSecurityGroupName'))]",
        "[resourceId('Microsoft.Network/virtualNetworks/', variables('virtualNetworkName'))]",
        "[resourceId('Microsoft.Network/publicIpAddresses/', variables('publicIpAddressName'))]"
      ],
      "properties": {
        "ipConfigurations": [
          {
            "name": "ipconfig1",
            "properties": {
              "subnet": {
                "id": "[variables('subnetRef')]"
              },
              "privateIPAllocationMethod": "Dynamic",
              "publicIpAddress": {
                "id": "[resourceId('Microsoft.Network/publicIPAddresses',variables('publicIPAddressName'))]"
              }
            }
          }
        ],
        "networkSecurityGroup": {
          "id": "[resourceId('Microsoft.Network/networkSecurityGroups',variables('networkSecurityGroupName'))]"
        }
      }
    },
    {
      "type": "Microsoft.Network/networkSecurityGroups",
      "apiVersion": "2020-07-01",
      "name": "[variables('networkSecurityGroupName')]",
      "location": "[parameters('location')]",
      "properties": {
        "securityRules": [
          {
            "name": "SSH",
            "properties": {
              "priority": 1000,
              "protocol": "Tcp",
              "access": "Allow",
              "direction": "Inbound",
              "sourceAddressPrefix": "*",
              "sourcePortRange": "*",
              "destinationAddressPrefix": "*",
              "destinationPortRange": "22"
            }
          }
        ]
      }
    },
    {
      "type": "Microsoft.Compute/virtualMachines",
      "apiVersion": "2019-12-01",
      "name": "[variables('vmName')]",
      "location": "[parameters('location')]",
      "dependsOn": [
        "[resourceId('Microsoft.Network/networkInterfaces/', variables('networkInterfaceName'))]"
      ],
      "plan": {
        "publisher": "refactr",
        "product": "refactr-runner-image-preview",
        "name": "refactr-runner-image-centos8"
      },
      "properties": {
        "hardwareProfile": {
          "vmSize": "[parameters('vmSize')]"
        },
        "storageProfile": {
          "osDisk": {
            "createOption": "FromImage",
            "managedDisk": {
              "storageAccountType": "[variables('osDiskType')]"
            }
          },
          "imageReference": {
            "publisher": "refactr",
            "offer": "refactr-runner-image-preview",
            "sku": "refactr-runner-image-centos8",
            "version": "latest"
          }
        },
        "networkProfile": {
          "networkInterfaces": [
            {
              "id": "[resourceId('Microsoft.Network/networkInterfaces', variables('networkInterfaceName'))]"
            }
          ]
        },
        "osProfile": {
          "customData": "[base64(concat('{\"AGENT_ID\":\"', parameters('agentId'), '\", \"AGENT_KEY\":\"', parameters('agentKey'), '\", \"AGENT_API_BASE_URL\":\"', parameters('agentApiBaseUrl'), '\"}'))]",
          "computerName": "[variables('vmName')]",
          "adminUsername": "[parameters('adminUsername')]",
          "adminPassword": "[parameters('adminPasswordOrKey')]",
          "linuxConfiguration": "[if(equals(parameters('authenticationType'), 'password'), json('null'), variables('linuxConfiguration'))]"
        }
      }
    }
  ]
}